,Start,End,News,News,News,News,News,News,News,News,News,News,Senti
,,,,Mixed fortunes for market debutants,Tencent warns of falling margins,Tencent soars as CSCL falls on investor valuation doubt,Mobile media listing frenzy opens Pandora;s box,Mobile media listing frenzy opens Pandora;s box,UPGRADES AND DOWNGRADES,Profit takers to mar IPOs; welcome,Shares gain as worries over credit costs ease,Ping An plays safe with midrange IPO price,
,,,New listings losing their appeal,Recruitment portal job eyes Nasdaq listing,Prices ease as property rally runs out of steam,,,,,,,,
,,,SMS crackdown to hurt Tencent profits,SMS crackdown to hurt Tencent profits,,,,,,,,,
,,,WHAT THE BROKER SAYS,Blue chips slip as Ivan revives energy worries,,,,,,,,,
,,,China Power IPO price at top end,Venture funds seen pouring into China,Oil price falls bring out buyers as stocks surge,,,,,,,,
,,,,,Tencent seeks earnings from games,Tencent seeks earnings from games,,,,ICQ seeks mainland partnership,NSFocus tracks down bugs for global computer giants,NSFocus tracks down bugs for global computer giants,
,,,Tencent sees lower profit on China Mobile deal,Tencent sees lower profit,,,Naspers to take stake in ad firm,Beijing Media outlines TV programme,,,,,
,,,,,,,,,,,,,
,,,Cyber deal may spark shakeup,Stocks inch up listlessly as investors await cues,,,,,,,,,
,,,Business digest,,,,,,,,,,
,,,,,,,,,,,,,
,,,,"Tencent shrugs off profit dip, global rival",,,,,,,,,
,,,Services key to adoption of broadband TV,,,,,,,,,,
,,,Mainland chat service wants users; real names,,,,,,,,,,
,,,Tencent seeks to cash in on boom,,,,,,,,,,
,,,WHAT THE BROKER SAID,Online operator marches with the penguin,Pirates of the PRD,China Net heroes slate Wall Street,China Net heroes slate Wall Street,,,,,,
,,,,,,,,,,,,,
,,,Tencent claims it will not sell out,Mainland internet provider to raise rates on claims its hits are up,,,,,,Weblogs blossom as the mainland logs on,,,
,,,Newspaper staff strike over reshuffle,"Shanda prefers free over fee, but rivals not game","Shanda prefers free over fee, but rivals not game",Musicsharing sings a different tune,,,,,,,
,,,China grapples with Web . era,,,,,,,,,,
,,,China internet firms eye up to US$b in offerings,US draft bill targets China censorship,,,,,,,,,
,,,Tencent bets on internet as mobile income falls,,,Appointments,,,,,,,
,,,,,,,,,,,,,
,,,Tencent net profit up pc on games surge,Microsoft and China.com look to team up,,Alliance set to drive China gaming,,,,Yahoo must take responsibility for jeopardising citizens,Mainland hedge fund blazes path into future,,
,,,Local firms appeal more to graduates,Dotcoms take on bigger rival with free auction service,Top stock pickers ride wave of mainland boom,Jack of diamonds,,,,,,,
,,,Technology Digest,,,,,,,,,,
,,,,,Valueadded services lift Tencent profit .pc,,,,,,,,
,,,EBay China in talks on merger with Tom Online,Taobao looks beyond fees for growth,China Mobile to scrap free trial,Online spoofs now part of mainstream,,,,,,,
,,,Tech digest,EBay vows longterm play in China,,,,,,,,,
,,,Tencent profits surge pc,Corrections; clarifications,,,Virtual coin makes its mark on the real world,,,,"Ecology damage severe, say pc in online survey",Hugging the profit motive,
,,,Tencent nears mobile chat deadline,Tencent nears mobile chat deadline,EBay deal buoys Tom Online,,,,,,,,
,,,Tencent gets message to open up QQ platform,More state backing a mixed blessing for Net,More state backing a mixed blessing for Net,,,,,,,,
,,,Sina profit drops pc as wireless sales slide,Baidu tempers profit rise with warning,,,,,,,,,
,,,,Slump in online games casts shadow on Tencent;s success,,,,,,,,,
,,,Taobao carries on with QQ coins,Curbs will not affect gaming shares,Technology digest,,,,,,,,
,,,Virtual currency helps Tencent increase sales,"Tencent focuses on advertising, online games",Investors pounce on new MSCI members,Results,Results,Baidu captures lead in online advertising,China leads in smart phone sales for Nokia,,,,
,,,Kingsoft seeks to raise US$m in initial offering,Google helps Sina search for mainland solutions,,,,,,,,,
,,,Rivals unite to challenge Sohu Olympic coverage,Alibaba.com to raise US$b from HK initial public offering,Online gamers find ways to beat new curbs,,,,,,,,
,,,Tencent profit rises  per cent on soaring sales,Results,Results,Sohu puts pc drop for quarter down to costs,TVB;s mainland agent accuses Net firm of copyright violation,Gambling Man,,,,,
,,,Kingsoft gears up for expansion as it seeks to raise up to HK$m,,,,,,,,,,
,,,,Alibaba to sell mostly existing shares in IPO,A crazy English man?,Alibaba forecasts its net profit to double,,,,,,,
,,,Sina profit up pc on online ads,NetDragon eyes mainboard listing,Tencent posts .pc income growth,,Alibaba tipped for pc debut surge,"Goldenbridge, Domain plan New York IPOs",,,,,
,,,In Brief,Giant Interactive sued for nondisclosure,,,,,,,,,
,,,,,,,,,,,,,
,,,A Music plans share sale to raise HK$m,Sina profit gets pc boost from Net advertising,Homegrown amateur songwriters find a voice on mobiles,Alibaba surges .pc as Microsoft;s Yahoo bid excites market,,,,,,,
,,,Tencent profit up pc,In Brief,Movius expects sales in Asia to reach pc,Results,Alibaba profit surges pc but stock falls,ChinaCache to double capacity for CDN service,,,,,
,,,,Baidu Hi well received but unlikely to dislodge QQ from top,,,,,,,,,
,,,Results,"Indexbound Chalco, Tencent push higher",In Brief,Quake to affect online revenues for game firms,Tom Eachnet drops feebased model to catch up with rival,"PCCW, CKI lose bluechip status",Mainland executive salaries close in on Wall Street levels,,,,
,,,Company profile Tencent,Hopes high for recovery as Chengdu rises from ruins,Stock markets brace for volatility,,,,,,,,
,,,In Brief,Nineyou eyes US$m from HK share offer,,,,,,,,,
,,,Tencent shrugs off Olympics impact on thirdquarter growth,Tencent sends strong message,Results,Companies reporting this week,,,,,,,
,,,Results,Results,,A shuns paidfor music downloads amid piracy,,,,,,,
,,,"Taobao, Baidu intensify online retail rivalry",Tencent expects limited impact from slowdown,Results,Jams spark debate on future of ;golden week;,,Taobao to get b yuan from parent Alibaba,Turmoil slashes wealth of mainland;s  richest,,,,
,,,Tencent net surges but warns of weak quarter,Results,Results,Results,,,,,,,
,,,Seven HKlisted stocks among BNP;s best bets,,,,,,,,,,
,,,Winning streak,The few safe havens of ; set to retain their strength,,,,,,,,,
,,,Hutchison handset unit eyes growth,Secondary luxury home sales rise to month high amid bargain hunting,,,,,,,,,
,,,Companies reporting this week,"Netizens best at exposing official graft, says survey",,,,,,,,,
,,,Bluechip index may see new members,,,,,,,,,,
,,,Tencent leaps to record as analysts lift forecasts,Mainlanders back to bargain hunt,,,,,,,,,
,,,Tencent jumps .pc on upgrade,Tencent eyes mainland listing so users can buy shares,Shenzhen;s new mayor hints at priorities on tour,QQ puts office workers in its message sights,,Shanda boosts revenue pc in first quarter,,,,,
,,,,News Quiz,Ten good bets to look out for in the next six months,Search alliance faces tough market,Investor mood lifts as economy picks up,,,,,,
,,,Tencent profit surges pc on online services,,Alibaba profit drops pc but membership surges,"HSI cracks , level but turnover weakens",Taobao online transaction volume surges pc,,,,,,
,,,,Brands win favour as spending power grows,,,,,,,,,
,,,Early start in drive to get top graduates,,,,,,,,,,
,,,,Buffett magic lifts Wang to top of China rich list,,,,,,,,,
,,,Taobao to launch ecommerceready phones,Online games revenue forecast to hit b yuan,Stealing by another name is allowed in online game,,Stealing of cyber veggies thrives in a lonely world,,,,,,
,,,Lenovo forecasts mobile internet devices will outsell computers,"Pullout would benefit rivals, but innovation and competition could languish",Western delusions,,,,,,,,
,,,Warcraft to drive NetEase growth,Regulatory nod for NetEase offer defuses turf war,,,,,,,,,
,,,Erasers purge cyberspace of ;bad press;,"Savvy gamers will want more, Tencent warns","Savvy gamers will want more, Tencent warns",Doors still open for Alibaba as Tencent thrives,Companies reporting this week,,Tech sector learns hard lessons of burst bubble,,,,
,,,Tencent acquires stake in Russian internet firm,Baidu seen as next US$b internet firm,"Facebook to set up shop in China, reports say",,,,,,,,
,,,Tencent targets more emerging markets after push into Russia,NetEase seeks acquisition target to boost online search service,,,,,,,,,
,,,Stock picks outside the comfort zone win out,,,,,,,,,,
,,,Baidu gains ground over online search rivals,Mainland internet firms dominant in top ,Crackdown begins on microblog activities,Father sent for ;reeducation; over Net posts,Youku banks on userpays approach,,,,,,
,,,Tencent plans to ride on success,Online giants look to strong earnings despite challenges,Companies reporting this week,,,,,,,,
,,,Firing of editors tied to story critical of Tencent,Baidu widens lead in mobile internet search,EMC wants to grow faster on mainland,Hu heaps praise on Li Kashing as they meet for a oneonone,,,,,,,
,,,Anger at Shenzhen home subsidies for superrich,Baidu grows on Google;s mainland woes,Testing times as easy picks have disappeared,,,,,,,,
,,,"Tencent says sorry, denies any breach of privacy",Tencent to boost security against malicious software,Mainland cyberwar raises fears for privacy,NetEase to boost game roster as profit rises pc,Microblogs keep mainland censors on toes,,,,,,
,,,China giant Tencent lifts instant messaging service abroad,State firms claim top brand valuations,"Nothing can stop the empty chair, one Net user writes as officials race to remove offending posts",Sina to tap Weibo;s commercial potential,,,,,,,
,,,Who to watch in a consumption boom,Tencent eyes tech investment fund,Shenzhen to shift from speed to quality in new fiveyear plan,HK;s little brother Shenzhen grows up,Microblogs the right recipe for Beijing cake shop;s success,Idol pursuits,,,,,
,,,Social media finding ways around censors,Portals gird for battle of microblogs,Groupon bargain site launched on mainland,Activision seeks to boost business on mainland,Official media court investors in the quest for internet influence,,,,,,
,,,Tencent income set to top .b yuan,"Tencent extends social networks, efinance to ensure expansion",Companies,Companiesreporting this week,Xinjiang;s populist leader joins ranks of microbloggers,Internet links up public and delegates,,,,,
,,,HK the ideal hub for big equity deals,Phoenix targets US$m with NYSE listing,Dell to raise spending on China operations,,,,,,,,
,,,Tencent buys stake in travel agency eLong,Heady ascent for newly powerful ;Brand China;,Tencent silences online bridge debate,Digital Sky purchase puts Tencent top of buyers; gameboard,China climbs the branding ladder,China brands star in global top ,Inhouse titles help lift profits pc at NetEase,"Exchange eyes mine, luxury sectors",Wall St ready for run on Renren as clamour sends value up before IPO,Another blow for mainland web users,
,,,Market Calls,Tencent sets aside funding for apps,Cash crusader goes cyber,Social networking is name of the game,Mainland banks lead slide in response to lending squeeze,Cash ;heroine; popular on the web,,,,,
,,,Kingsoft founders sign pact after sale of stake,Out of control,Dell opens IT solution centre in Chengdu,Ministry;s response stirs anger,Baidu nearly doubles profit,,,,,,
,,,Growth dip fails to stop Tencent investment plans,Reporting this week,"Wenzhou crash response exposes rot in political system, say analysts",,,,,,,,
,,,"Fiona Sit Hoikei, actresssinger",Making people vanish,,,,,,,,,
,,,ChinaVision to pay HK$b for China Entertainment,Quotes,State websites poised for IPOs,,,,,,,,
,,,Shanghai tries to connect with online population,Tencent primed to use bonds for buying spree,,,,,,,,,
,,,First global issue for Tencent raises US$m,Does blogs; blooming mean schools of thought can contend?,How the chic learned to click,China reels in the pirates,,,,,,,
,,,Mainland industry giants still top picks,Odyssey in search of human kindness,Mainland online ad spending to exceed HK$.b,,,,,,,,
,,,Tycoon silent on Facebook stake plan,Leung plays waiting game on nominations,Apple takes a big bite of China,,,,,,,,
,,,Microblogs take HK;s hot contest over the border,Microblog users on net after deadline,Reporting this week,Microblog sites punished after coup rumours,Rivals merge to form online video giant,Tang sinks as rivals shine in first debate,,,,,
,,,"Qihoo, Tencent face off in antimonopoly case",Critics snared in microblog crackdown,Rumour battle cannot be won,Mainland web giants to buy video content jointly,Microbloggers back in action,;Even Hollywood movies cannot compare to this;,,,,,
,,,Row over ;Accept graft; editorial,Sina plans to keep investing in microblog,Private bank keen to spread its wings,Mainland brands join Apple in top ,Baidu smartphone plan ;long term;,Triads may be in on hijacking by N Koreans,HK firm may win as soccer body seeks new partners,Banking on staying power with China,Stock tactics,,
,,,"Apple, Baidu in rumoured tieup",Party still has the last word in world of media commentary,,,,,,,,,
,,,Tencent buys pc stakein Caixin,,Corrections; clarifications,U.S. consulate;s Weibo account is suspended,Posts generation speaks up,,,,,,
,,,Tencent returns to bond market with US$ million issue,Tencent bonds: Activision in view? ,Tencent touts allround social app WeChat for smartphones,Official arrested for sex with boys,Solid Q results put Tencent on path to more investments,"Alibaba, Tencent, Ping An JV: insuring failure","DJR Digest: Some thoughts on future journalism, and some facts of China’s digital giants","Morning Clicks, August ",Ping An announces plan for internet insurance,China internet advertising spending jumps % in Q,
,,,Tencent WeChat wows mobile IM ,"Digest: Localize your business, cases by Tencent and Amazon",WhatsApp faces tough time in China,Youku Tudou sees cost cuts after merger,Alibaba keeps focus on China despite the economic slowdown,"What the mainland media say: September , ",Alibaba keeps its focus on China despite economic slowdown,Graduates favour Western companies for best jobs,Travelzoo AsiaPacific targets affluent consumers in mainland market,Mainland media;s protest coverage looks inward,
,,,Tencent;s GroupNet: a group buying consolidator ,Tencent ECommerce: Price Wars II?,Taiwan opposition voice security fears over WeChat launch,Market Wrap: Hong Kong stocks rise on China easing hopes; AIA jumps,Chinese censors block New York Times,Kindergarten child abuse photos have netizens seeing red,Beverage tycoon tops Forbes; China rich list,China;s top  richlist fall in value,Price war among mainland online travel agencies to leave few survivors,,
,,,"China Mobile G stable, weighs Fetion move ",Hu Jia explains why mobile apps make activism spooky,Harbin woman allegedly murdered by WeChat ‘friend’,Dell strengthens hold as mainland;s No  computer brand,Market Wrap: Hang Seng bounces back from onemonth low,Advertising campaigns for mobile apps reach new high,Mizuho to open China fund despite Japanese dispute,Hong Kong stocks retreat from month high,Market cool to the new lowergrowth leaders,"Market Wrap: Hang Seng down .pc on China, US worries",
,,,Tencent;s ;WeChat; instantmessage app will challenge Sina,Alibaba celebrates . million users on Taobao in Hong Kong,Virtual networks coming in ,Xi Jinping keeps things low key in trip to Shenzhen,Hu Jintao makes surprise visit to his hometown of Taizhou,"Private mainland brands accelerate growth, report finds",Students divided by Taiwan Strait have lot in common ,Chengdu aims to be world’s next Silicon Valley,Speculation over Xi Jinping;s weibo account,"Xiaomi, Nokia in new web tieups",
,,,;Tis the season to reorganize, million and clicking Tencent;s web chat service a hit,China Mobile muscles Tencent into revenue sharing talks ,The myth of Chinese social media user numbers,SMS at start of long decline for China telcos,Twitter likely to launch IPO in ,Taobao vendors cash in on iPhone ;consumer vanity; market ,"China overspending on foreign investments, IMF reports",Xinhua news website applies for Shanghai IPO,China targets celebrities over speech freedom comments in censorship row ,
,,,"Business Digest, March , ","Business Digest, February , ",Former Google China chief banned from microblogging sites,NetDragon;s spinoff of mobile internet business gets green light,"Business Digest, February , ",Suning joins reorganisation crowd,Human rights lawyer banned from mainland microblogging sites,How online dating lost its stigma,Lenovo shares climb to year high after gaining ;bluechip; status,"HSI adds Lenovo, dumps Chalco",
,,,Tencent prevails in antitrust suit,"New WeChat platform attracts indie publishers, and censorship may be close behind",Chairman adds to holdings in Dah Sing amid active trading,Xi Jinping wraps up Africa tour and Guangdong admits to pension fund debt,Four people killed in Xinjiang knife attack,Outcry after official urges Wechat to charge a fee,Jack Ma sees China online trade entering ;golden age;,China jails  on terrorism charges and the debate about the Chinese Dream continues,"Yunnan chengguan accused of beating blind, homeless man","Brand survey: Nokia, Dangdang still hot",
,,,China Unicom sides with Tencent over WeChat,China Mobile hit by bad Wifi bet,"Sina, Alibaba resurrect tieup talks",Alibaba chief Jack Ma confident on mobile push,"China news roundup: Mental health law enters into effect, Chen Guangcheng;s family harassed",China frees Tibetan activist and jails Guangdong cult member ,Watch imprint on quake official;s wrist goes viral on internet,Loss of market share sees Yahoo China shut mainland email service,Reporter in Guangzhou purchases marijuana online on Alibaba site,Provinces react to stumbling pork prices and supermarkets abroad restrict milk powder sale,
,,,"Tencent first quarter profit rises pc onyear, driven by online games","China news roundup: Riot police quell protest in Beijing, Baidu expands in Indonesia",Chinese boat owner says he was assaulted by North Koreans,Sohu seeks investors to drive growth,"China news roundup: Kunming residents take to the streets, CCTV airs antiDalai Lama film",China;s press censors in spotlight as Caixin Century Weekly suspends legal section,Retail counters record strong buying,Online shoppers head into new waters for best deals,,,
,,,"Hong Kong shares rebound from sevenweek low, Tencent rises",Apple set for bigger bite of China mobile market with iOS ,Jego suspension: China Mobile;s latest mixed signal,Mainland China copyright watchdog monitors Apple and Amazon,Exposure via internet now China;s top weapon in war on graft,Party accused of covering up official;s lavish lifestyle,Sina weighs down Weibo with video,Apple;s revamped iOS receives mixed reception from consumers,Angel investor is really getting started on China,,
,,,Tencent kicks off mobile games testing for WeChat,Tencent to woo more developers for its services,Tencent wants to cash in on WeChat popularity,"Tencent, Alibaba woo matchmaking site Jiayuan",Severed cables leave WeChat users in limbo,"Hong Kong shares close down .pc, but post best month in ",Baidu buys app store to boost its mobile armoury,Singer Wu Hongfei to be freed after bomb threat,"China news roundup: Leadership ranking changes, fakes universities exposed","CY Leung gets a Sina Weibo account, but no posts yet",
,,,Tencent net profit up .pc in quarter,"Tencent launches updated, monetised WeChat version with paid emoticons",Tencent denies report of Singapore IPO for WeChat spinoff,Mobile ecommerce battle heats up in China,New WeChat ;Airplane War; game sending addicted players to hospital,"For Xiaomi, it’s what’s on the inside that counts","WeChat ties up with Unicom, splits with Alibaba",Hainan sex scandal reporter loses job due to alleged government pressure,New York Times apologises to tennis superstar Li Na for steroid use allegation,"China news roundup: Bo Xilai supporter arrested, Tibetan selfimmolates in Nepal",
,,,Tencent teams up with Sohu to vie for No  spot,Tencent dips toe in high finance,Tencent builds momentum for mobile ecommerce push,"Rocky marriage ahead for Sohu, Tencent",Netizens disappointed with media reaction after Faye Wong’s divorce announcement,Search wars begin as Sogou sues Qihoo,Search wars begin as Sogou sues Qihoo,City commercial banks stand before new frontiers,Microsoft in China games joint venture,"China news roundup: Landmark torture trial in Zhejiang, local opposition to Third Plenum draft",
,,,"Tencent, Alibaba open mobile payments battle via vending machines","Hong Kong shares end down slightly, Tencent off record high",Tencent guarantees all financial transactions after barrage of criticism by rival Alibaba,Jack Ma ;threatens to take away bonus; from staff who fail to promote messaging app ,"Weibo: HuaweiLenovo, AlibabaBaidu in new courtships?",Jackie Chan hits back at ;sensationalist; media reports on his natural disasters comments,North Korean painters add s twist to Chinese propaganda posters,"In China, not all mobile apps are made equal",Online firms clicking for mobile users,Alipay to expand into Taiwan;s online payments market next year,
,,,Supreme Court hears monopoly case between Qihoo and Tencent,Bullish Tencent options hit year high,Bulls come out for Tencent ahead of Q financial results,WeChat helps Tencent make over HK$m in Single;s Day sales ,Tencent rejects WeChat prostitution allegations ,Investments weigh down internet giant,"Lenovo, Tencent directors lead rush to unload shares","Social media drive helps lift ;Double ; sales for Alibaba, Tencent",Weibo: Tencent;s Pony Ma finds new public face,Baidu feels the heat in search rivalry,
,,,Tencent anchors international expansion on Hong Kong datacentre alliances,Tencent to invest b yuan in Qianhai,"No longer just for chatting, WeChat will soon become a financial service platform","Weibo: Tencent;s Pony gets promotional, Alibaba spins Cameron","Weibo: Qihoo takes high road against Tencent, Baidu, Xiaomi",Chinese giants lead the pack as industry cashes up,Tencent poised to become China;s mobile gaming juggernaut,Why WeChat app is good news for Chinese censors,"Weibo: Jingdong;s Liu comes home, Sina Weibo loses lustre","Chinese brands gain clout, but lack overseas profile",
,,,Mapping China;s byways: Tencent street view fleet heads down new roads,Tencent launch powers shares to fresh record,Tencent eyes ecommerce presence,Tencent invests in Chinese taxi app,China;s online giants Alibaba and Tencent go head to head,How firms are using ;black PR; to tear down their rivals,"In an effort to compete with Tencent, Alibaba reveals the first of its mobile games",New Alibaba platform offers mobile game developers bigger payout,Popular Chinese taxibooking apps leave smartphonefree travellers out in the cold,Infographic: China;s online game industry made HK$ billion in ,
,,,Tencent brings its popular messaging app to desktops with WeChat for Mac,Strong rally fuels gamble on Tencent,Tencent buys pc stake in consumer review site Dianping,"Meet Weishi, Tencent;s version of Vine",South African media group struck gold by taking a chance on Tencent,Tencent channel falls for The Onion;s Olympics sex spoof,Banks fight back against online investment products,Tencent and JD.com take on common foe Alibaba by merging ecommerce services: report,"Alibaba, Sina cast envious eyes on Tencent;s ;Hongbao;","Price war escalates between taxihailing apps backed by internet giants Alibaba, Tencent",
,,,WeChat’s latest viral hit in China: health insurance,"PBOC halts plans by Tencent, Alibaba for virtual credit cards",China mobile payments market to expand as TencentAlibaba rivalry heats up,Tencent aims to work with regulator on online financial services market,TencentJD.com alliance intensifies ecommerce challenge to Alibaba,Tencent leads decline in Asian internet stocks,A tale of two internet leaders: Tencent vs Alibaba,Fresh China media crackdown hits popular accounts on Tencent;s WeChat,Tencent M&amp;A in overdrive with reported handset bid,JD.com may launch US$.b listing in second quarter,
,,,Tencent to bolster expansion plans with record bond sale,Tencent primed for more M&amp;A deals after big bond issue,Tencent stays ahead of the game,Baidu cautious on acquisitions as giants rush to strike deals,"Alibaba, Tencent take rivalry to mobile network services",Alibaba IPO poised for reality check as internet stocks decline,Buyback snaps Tencent;s fourday losing streak,Ma disrupts China;s mobile internet market,Suzhou bans third party taxi booking apps,Lenovo joins bond issue boom,
,,,Tencent expansion in Asia may be bolstered by Kakao connection,Tencent overtakes China Mobile to become Asia;s most valuable brand,Tencent;s messaging app WeChat target of latest crackdown by officials,Profit at tech firm Tencent up pc in first quarter year on year,"Tencent surges as profit beats estimates on mobile games, ads",Tencent subsidiary backs Cheetah Mobile IPO,Chinese blogger ‘fired’ after John Kerry meeting ,Richard Liu set to become billionaire on JD.com;s US share sale,Chinese brands in world of their own,US ’troubled’ by sacking of Chinese blogger,
,,,.com announces US$m investment from Tencent and WeChat integration,Weibo: Tencent;s quick take on .com; Xiaomi tries on Vancl,China South City to invest HK$b in ecommerce push with Tencent,Speculation on Tencent interest fuels rise in SMI Culture shares,Tencent director leads disposals in sluggish trade,"Weibo: JD;s  hype, Xiaomi;s price cut",Cartoon selfie app is a hit with mainland users, yuan at stake in Guangdong;s first WeChatlinked IPO infringement trial ,China cracks down on Apple’s iMessage as national web cleanup continues,Launch of new products to grow mainland China online finance market,
,,,Tencent gets official approval to create private bank in Qianhai,Tencent to partner with more developers to fuel its mobile games expansion,China;s top smartphone app MYOTee is inspired by manga,CCTV host Rui Chenggang may have had stake in PR firm linked to channel’s shows,Japanese videogame maker eyes mainland market,Chinese head for online banking services as Weibo users shrink,Xiaomi founder Lei Jun donates HK$ million worth of stocks to employees,Chinese developers to benefit from rise of console games market,Make Tianjin a Shenzhen of the north,Outspoken commentator Li Chengpeng silenced on Chinese social media,
,,,Wanda links with Tencent and Baidu in b yuan ecommerce venture,Tencent profit rises pc on boost from gaming and advertising,Sinopec and Tencent consider collaboration,Tencent enables users to pay utility bills through WeChat,Tencent in M&amp;A overdrive with new tieups,"JD.com joins Tencent in selling , smartphones",Tencent to clean up its WeChat service amid crackdown rumours,"Execs voice sympathy for Nokia, Microsoft, Tencent",Chinese mother gives birth to whopping .kg baby boy,"Despite the iPhone;s popularity, Android remains king in China",
,,,Tencent raises stake in mall operator,Tencent invests US$ million in academic medical portal DXY,More funds flow to Alibaba;s anticipated recordsmashing IPO,Alibaba gains approval to establish commercial bank in Hangzhou,WeChat’s winning formula helps Apple rack up bonus points in China,Chinese officials told to avoid WeChat;s red packets as graft busters fear webbased bribes,China shuts almost . million accounts in pornography crackdown,Online strategies loom as game changer in China home market,Alibaba;s mega IPO signals rise of China;s new wave of tech giants,The unlikely rise of Shenzhen: paradise for hardware innovators,
,,,Tencent boosts investments in OO platforms on the mainland,"Weibo: Smog worries execs, Qihoo admits defeat to Tencent",HK stocks struggling to keep up momentum,"Still plenty of room for Uber and other taxi apps to grow in China, survey reveals",Mainland Chinese technology firms lure back homegrown talent,Beijing eases stateowned monopoly on credit cards,WeChat allegedly censoring photos from Hong Kong protests,Baidu boosts net profit pc after mobile search milestone achieved,Mobile business lifts Baidu;s revenue,China renews effort to install homegrown operating systems on government computers,
,,,"Tencent, Warner Music Group strike landmark deal",Tencent revenue rises but its ecommerce traffic moves to JD.com,;Game of Thrones; comes to China as Tencent joins forces with HBO,"Alibaba, Tencent investing in Ping An;s HK$b private placement",Alibaba raises cash; Tencent ties with Warner,New Tencent deal may have sparked jump in HKTV shares,Mobile sales rampup key to driving JD.com growth over time,Wenzhoubased private commercial bank could launch soon – state backed paper,"JD.com eyes sharper focus on mobile, lowertier cities in China",China eases grip on capital markets,
,,,"Tencent ready to launch China;s first private internet bank, WeBank",Tencent chairman Pony Ma leads insider disposals with HK$b deals,Tencent and Sony sign China music distribution deal,"Text well, eat better: WeChat enters the online food delivery business",Weibo: Xiaomi;s apartment play; China Mobile;s nakedness,Baidu buys stake in Uber in bid to expand presence in China,Baidu buys stake in carbooking app Uber,Smart money pouring into Shenzhen as city becomes hotbed of innovation ,China;s traditional lenders meet their match in internet banking,Xiaomi;s appliance bet with Midea seen diluting its smartphone focus,
,,,China Xiaomi buys  per cent of software firm Kingsoft for HK$ million,Advertising move pushes Tencent ADRs to record high,"Bitauto teams up with Tencent, JD.com to drive online car sales in China","PBOC calls on Alibaba, Tencent to help develop credit reporting market",Wanda Ecommerce quadruples value as it completes first round of financing,Rally forecast for USlisted Chinese technology firms,WhatsApp launches desktop version – but Apple users will have to wait,China to overhaul rules on foreign investment,Property startup Spacious ready for regional rollout,Beijing officials crack down on Uberlike car services,
,,,Tencent completes US$b bond issue,Huge demand for Tencent’s US$b bond offering,Tencent eyes major new bond sale,Queue stretches around building as Tencent boss hands out Lunar New Year bonuses personally,"Alibaba, Tencent spark battle for virtual red envelopes during ‘China’s Super Bowl’",Ford seeks China edge with Tencent link for WeChat service on the road,"Alibaba, Tencentbacked taxibooking firms announce merger after Uber zooms in on China","Alibaba, Tencent draw praise and ire from controversy",Baidu seen to be lagging rivals in mergers and acquisitions activity,PRESS DIGEST Top stories in Hong Kong and mainland China newspapers on February ,
,,,Internet giant Tencent inks global eBook deal to promote Chinese culture,;Copycat; Tencent boss calls for China to strengthen intellectual property laws,Tencent scraps WeChat global expansion plans despite strong profits,China;s Amazon? Tencent and Shanda to merge online publishing and eBook services,Tech giants Tencent and Foxconn team up to make ;smart cars;,Tencentowned review site Dianping about to close US$m funding round: report,China Mobile teaming up with ZTE to take on Tencent;s WeChat,"Line launches mobile payment service to rival those of Alibaba, Apple and Tencent",Moving into movies makes sense for Alibaba and Tencent,"Shenzhen named as top  startup hub, Hong Kong nowhere in sight",
,,,Tencent buys .pc stake in Kardashian game maker Glu for US$ million,"Tencent unveils smartphone and ;internet of things; OS in challenge to Xiaomi, Alibaba","Yossi Vardi, godfather of Israel;s hitech boom, has high hopes for China",WeChat cinema ticket sales app WePiao secures US$ million in funding,Whatsapp the top pick for Hong Kong’s remote workers who need to stay in touch,China’s cash rich internet giants may spawn wave of acquisitions,Top  mobile and instant messaging apps in China,Web portal Sohu looks to video business and gaming for future revenue growth ,"Top  tech giants who shape Shenzhen, ;China;s Silicon Valley; ",China to overtake US as world;s largest mobile gaming market by ,
,,,Nielsen to measure digital ads in partnership with China;s Tencent,Tencent eyes more partnerships as mobile users continue to grow,Chinese government broadband plan lifts Tencent and Lenovo shares,"Chinese oil firms sink, but Tencent and property stocks jump","Fosun;s HK$.b share placement attracts Alibaba, Tencent founders","Power struggles, regulatory uncertainties challenge China;s new internet dream",Rare sighting of gazelles on north China grasslands,China a gold mine for online payment platform system companies ,China’s Huatai Securities kicks off Hong Kong share offering,Top  most popular Chinese internet entrepreneurs ,
,,,Taiwan may give Tencent the boot over WeChat registration flap,"Alibaba, Tencent and walled gardens: History repeats itself on the Chinese web","With Overwatch deal, China’s NetEase throws down gauntlet to rival Tencent",WeChat launches Englishlanguage desktop app targeting overseas users,WeChat users unable to transfer money in amounts related to Tiananmen crackdown anniversary,Can Google architects work their magic on China;s depressing hospitals?,Search giant Baidu pumps US$. billion into Nuomi onlinetooffline platform,PRESS DIGEST Top stories in Hong Kong and mainland China newspapers on June ,Meituan apologises for snafu with fooddelivery app that blocked rivals,Baidubacked video streaming service iQiyi tops  million paid subscribers,
,,,"Rumours, politics and corruption most likely topics to be censored on Chinese messaging app WeChat",Alibaba digital entertainment head detained in Tencent graft investigation,Former Tencent staff held over China corruption inquiry,Chinese censors summon Weibo and Tencent bosses over Uniqlo clothes store sex tape ,China’s ZTE jumping into US$ billion ‘smart city’ business after signing up  local governments,"Chinese tech firms don;t copy Western innovations, they learn from them, says venture capitalist",China;s privately owned banks: boom or bunk?,iQiyi TV: Chinese video streaming site expands into selfproduced content ,China;s richest man;s largerthanDisney tourism dream may involve new airline,China;s private sector joins the nation;s battle against corruption,
,,,WeChat eyes lead role in ;internet of things; as Tencent;s mobile messaging tool lures developers to its open hardware platform,China;s Tencent invests US$ million to build Canadian startup;s Kik Messenger into ;WeChat of the West;,Tencent to invest more in boosting onlinetooffline partnerships,Chinese internet giant Tencent readies online stock trading platform after market crash as rival Alibaba makes similar move,China;s Tencent bids to buy up travel site eLong as mobile bookings boom,"How Baidu, Tencent and Alibaba are leading the way in China;s big data revolution",Canada;s Kik messaging app raises US$ million from China;s Tencent,Internet giant Tencent leads US$m funding round in healthcare app Practo as Chinese firms target India ,"Chinese internet giants like Alibaba, Tencent may devour domestic movie industry as ecosystem shifts, pundits predict",Tencent fuels US$ million funding round in Renrenche as usedcar market speeds up,
,,,"Tencent shares see slight recovery after day slide in wake of cofounder Pony Ma selling off HK$. billion of stocks, WeChat flaw",Armies of Dragons on WeChat? China;s Tencent teams up with Hong Kongbased Animoca to tap Asia;s  millionplus gamers,"End of the road for journalists? Tencent;s Robot reporter ;Dreamwriter; churns out perfect ,word news story in  seconds",Tencent chairman;s HK$b share sale pushes disposals on Hong Kong exchange,"Tencent bringing Star Wars to China as Youku, Alibaba target US film and TV franchises for booming home streaming market","Watch out, Tesla: China;s NextEV plots even faster ;electric supercar; amid backing from Tencent, JD.com, Hillhouse Capital",Even grandma is ditching hongbao for WeChat;s digital red envelopes as China goes into mobile giftgiving frenzy over MidAutumn Festival,Baidu controls pc of mobile search market in China as smaller firms struggle to compete with nation;s top  internet giants: Barclays,Cracks in the wall: China;s ;Great Firewall; may share some blame for breach at Apple;s App Store ,China;s booming ecommerce market faces challenges as regulators seek to restrict online payments,
,,,"China;s Tencent, eBay join messaging app Kakao;s bid for new South Korean internet bank",Tieup between Alibaba and Tencent a wakeup call for ‘bricks and mortar’ retailers,What does BAT’s hiring freeze really mean to the entire internet industry?,China developers unearth new gold mine in serving home owners,;China;s Groupon; Meituan and Yelplike Dianping likely to merge to create country’s biggest OO services provider,"China’s widows and orphans of coal: if the gas doesn’t get their men, black lung will",Alibaba;s stock rises after Jack Ma says world is overreacting to China’s economic slowdown,Chinese stocks trade higher in New York,Meituan and Dianping merge to form onlinetooffline giant,‘Baidu nails it again on travel’: Chinese search engine wins from huge share swap between rivals Ctrip and Qunar as industry consolidation continues,
,,,Tencent sees thirdquarter profit rise  per cent to . billion yuan,China’s Tencent partners with Glu Mobile to bring popular WeFire mobile shooter game to international markets,Market Talk: Tencent gets rights for James Bond,Market Talk: Tencent makes some big numbers,"HengTen records HK$m loss, aims to turn a profit next year",Chinese ecommerce firm JD.com sees revenue rise  per cent,From brickandmortar malls to efinance: Can China’s richest man Wang Jianlin find success in new field of online business?,"Hong Kong stocks follow Wall Street higher, while China mired in negative territory","Apple Pay coming to China in time for Spring Festival in February if no more hurdles arise, reports say","Students, drugs and rock and roll: Chinese students held for taking drugs after raid on famed Beijing music school",
,,,"China has tech talent, and race is on to hire it","WeChat trends to expect in : virtual reality, more ads, global expansion of Tencent app’s wallet function","China’s Alibaba, Baidu and Tencent join hands to promote ‘Internet Plus’ strategy","Tencent blocks Uber on WeChat, so what ‘fair play’ can we expect in China?",Tencent chairman sells  million shares for HK$. billion,Tencent’s WeChat mobile messaging tool to roll out overseas payment service as competition in crossborder market heats up,"BaiduTaihe merger takes on Tencent, Alibaba in fight for China’s digital music market",Tencentbacked .com expects revenue to keep rising for Craigslistlike online classifieds business as bid to buy rivals pays off,Alibaba to invest US$. billion in Chinese online food delivery service,Green factory: banyan trees sprout from disused chimney tops in southern China ,
,,,"Tencent’s WeChat Wallet lands in Hong Kong, beating Apple Pay as public migrates to mobile payments","Bad taste: LeEco’s Go Princess Go, other streaming hits by China’s Tencent, iQiyi shut down for vulgarity, violence and ‘superstitious’ content",Get lucky this Spring Festival: WeChat adds sexy twist to redenvelope giving via mobile ahead of Chinese New Year,Huge pod of dolphins spotted at reserve in South China Sea for first time in five years,Didi Kuaidi joins China Merchants Bank to provide car financing for drivers,Fears grow over Chinese economy as new jobs dry up in tech sector,Worth US$ billion combined: meet Hong Kong and China’s richest billionaires although charity seems to lag,China’s Alibaba Pictures removes senior board director ensnared in graft investigation as large deals loom,When the chips are down: US semiconductor maker Qualcomm aims to dominate consumer drone market as revenue plummets ,"China’s Weibo follows Twitter in controversial move to ditch character limit, says users can soon waffle on for up to , ",
,,,Tencent to charge users in China for transferring money from WeChat Wallet to bank accounts,"Reddest red envelope: Chinese Communist Party teams up with Alibaba, Tencent to hand out  cash",Tencent’s WeChat now allowing  red envelopes to be sent digitally in Hong Kong for Chinese New Year,‘Beijing slaps ban on Hong Kong and Taiwan film awards’ amid rising political tensions,Mainland China’s top five banks waive charges for money transfers as competition from internet finance companies heats up,Police in western China pull over fake squad car cruising the streets,Caught between an iPhone and Alipay: Will Apple’s gamble on China pay off as Apple Pay reaches mainland tomorrow?,Media gold rush: China’s top businesses target acquisitions in burgeoning media industry to raise their profiles ,"Internet users raise stink over openair Chinese toilets without roof or walls, built beside children’s playground",Japan stock market rout shows no letup by close as Singapore equities slide; Hong Kong poised to trade lower Thursday,
,,,"Sharing economy a growth driver but restrictions need to be addressed, says Tencent chief","If you use Tencent’s QQ web browser your personal data is at risk, experts warn","Chinese firms; brand value rise despite growth woes at home, with Tencent, China Mobile leading the pack","Tencent profit surges  per cent for  thanks to growth in online games, advertising revenue",Era of esports: China’s Douyu TV hits valuation of US$ million as backer Tencent gambles on live streaming service,China’s internet giants throw weight behind sharing economy after endorsement by Beijing,China’s tech firms jumped on sports bandwagon – but can they figure out how to get fans to pay up?,Samsung Pay hits China five weeks after Apple launches mobile wallet app on mainland,Pop go the stars: Simon Fuller teams up with mainland Chinese firms to create digital pop stars ,Sleep monitor with adjustable pillow could prevent dangerous sleep apnea and excessive snoring,
,,,"Tencent executive earned more than HK$ million in annual salary, filings reveal – leaving even Canning Fok in the shade","Hong Kong, Shanghai notch gains in cautious trade; Tencent rises, Li Kashing companies ease back on Husky investment ",Tencent CEO Pony Ma pledges US$.b in shares to new charity fund,"BAT – Baidu, Alibaba and Tencent – lead charge in China mergers and show no sign of slowing down","China’s social networks set for boom, as advertising spending forecast to jump  per cent to US$.b this year","Buying by directors plunges, reversing the buying trend of previous three weeks ",Xiaomi partners with UnionPay in online payments service targeting China,"Scammers masquerading online as pretty young girls trick over  people out of , yuan",Rise of China’s internet and service sectors offers hope for new graduate jobseekers,Baidu reports  per cent increase in firstquarter revenue to . billion yuan,
,,,Grandmother’s life lessons inspire Tencent cofounder to launch education prize,Tencent profit rises  per cent but China’s slow economy clouds advertising outlook,"Tencent to Baidu, Chinese internet giants big on Big Data",Why boring old companies are sometimes the best innovators ,Medical services app Ping An Good Doctor raises US$m,Hong Kong stocks edge up while mainland China shares end flat amid low turnover,Chinese tycoons’ and Communist Party officials’ personal data leaked on Twitter,"Housing crisis in China’s ‘Silicon Valley’: Huawei, other hitech giants head for cheaper cities as rising costs deter talent",Cradle of IT firms and listings,"Inventive email scam rises in Asia, says EY",
,,,Supercell takeover propels Tencent into entertainment super league,Tencent eyes mobile gaming growth in acquisition of Finnish developer Supercell for US$. billion,Tencent said to be weighing stake purchase in ‘Clash of Clans’ maker Supercell,"Baidu, Alibaba and Tencent set to reap returns from stakes in OO platforms, analysts say",Video games: the sport of tomorrow’s champions,Internet mogul Pony Ma named most generous Chinese philanthropist,China’s tech giants face mixed fortunes amid Brexit fallout,Didi Chuxing completes US$. billion fundraising,In the top league: What’s behind the rush of Chinese firms into the global sports business?,Shock horror! Young online stars risk life and limb – sometimes literally– to lure fans and advertisers,
,,,"Tencent awards HK$.bn worth of shares to , employees",Chinese internet giant Tencent disciplined over ‘furious’ Xi headline error,Tencent to merge QQ Music service with China Music Corp to create streaming giant,"Mobile game market to triple in size to b yuan by , with Tencent out in front",Beijing cyberspace watchdog ‘orders news arms of major portals to close’,Crackdown by authorities as China’s soccer boom sparks online gambling craze,"Global TMT transactions fall pc in first half, bereft of ‘megadeals’","Pokémon GO Launches, Productivity and Nintendo Shares Plummet","Chinese copycat apps riding the wave of Pokemon fever, for now",pc of Hongkongers have WeChat account,
,,,China’s Tencent reports higher than expected second quarter profit on smartphone games revenue,"Baidu of China sues rivals Tencent, Sohu over articles on food delivery service",China’s Tencent invests in India’s WhatsApp rival Hike,"Tencent, PCCW invest in Hollywood studio to bolster film archive",Busy day for Hong Kong earnings reports: these stocks could see big moves,China’s Bitauto unit receives US$ million in funding from internet giants,Kingdee plots cloudbased future after delivering .pc profit rise,"Beijing clamps down on news portals, ordering round the clock monitoring",Pokemon Go excites China investors eyeing new virtualreality apps,Three new insurers join increasingly crowded sector,
,,,Tencent cracks whip on WeChat users inflating readership numbers,China’s Tencent may double its charity contribution to pc of annual profit,China’s Tencent Pictures teams up with Turner AsiaPacific to develop Tuzki animated movie,Tech firms and banks top list of Asia’s  largest companies,Tencent tests new WeChat feature allowing inapp access to mobile services,Alibaba tops Tencent as Asia’s biggest company by market value,Tencent edges out China Mobile to become Asia’s most valuable company,Hong Kong stocks halt day bull run as Tencent falls back from record highs,Hong Kong directors’ trades take spotlight in week of heavy insider activity,Alibaba to overtake Baidu to lead China’s digital advertising market,
,,,Record  billionaires from mainland China in Forbes rich list,China’s TMT deals top US$bn for second straight year,These are the  wealthiest tech billionaires in the world,Jetpack backer KuangChi launches US$ million global fund for innovative firms,"Eleven, McDonald’s, Circle K... Google launches Android Pay at , Hong Kong locations",AT&amp;T bid for Time Warner is no sure deal,Close ally of Xi Jinping tipped to be new mayor of Beijing,"Jack Ma, Steven Spielberg forge pact on film production, distribution, opening path for Hollywood in China",Baidu launches  billion yuan investment fund for startups,Operator of Alipay switches CEO ahead of listing,
,,,Tencent’s Joox music streaming service proves a hit across Asia,China’s Tencent to ramp up cloud and payments businesses after reporting pc profit growth,Online games kingpin Tencent tipped for strong third quarter,China’s Tencent celebrates anniversary with HK$.bn gift to employees,Tencentbacked Hollywood studio STX Entertainment eyes Hong Kong IPO,"Baidu, Alibaba and Tencent to expand their revenue from paid digital content and targeted ad campaigns",Tencent’s electric car unit to partner in .bn yuan venture to build green vehicles in Jiangxi province,WeChat chief raises alarm over fake news in wake of Trump win,"Chinese hackers win US$, for cracking Google Nexus, iPhones at global competition",Mobike offers Chinese commuters a way to beat the traffic – ride sharing on a bicycle,
,,,Tencent hunts for Hollywood deals to feed China’s film boom,"Tencent, partners invest in HERE’s digital maps to get a leg up on selfdriving cars","Mainland Chinese vote Tencent, Alibaba as best tech employers",Tencent and Starbucks in partnership for social gifting feature on WeChat,Index heavyweights push Hong Kong stocks slightly higher,How to avoid getting your WeChat messages censored both in and outside China,Golden Trump rooster statues become icons around China,Youku ready to add viewers’ data to help Alibaba refine online shopping customers’ profile,"Hong Kong smartphone users’ information at risk with major payment apps, agency claims","Baidu spends m yuan on fledgling marketing firm, created by yearold whiz kid in ",
,,,"Tencent, China Rapid Finance team up on new online consumer investment products",Tencent teams with Thai startup Ookbee to launch content platform,"Tencent begins inapp feature for  million users, extending WeChat;s usefulness","Tencent, NetEase eye global breakthroughs in mobile gaming",Mobike gets US$ million in series D funding,Taking electronic  to the next level,Mainland mobile social media networks at the forefront of the ‘allinone’ app revolution,Lunar New Year  tradition goes digital in a big way,Hong Kong’s main stock index closes Year of the Monkey up pc,Popularity of digital  surges in time for Lunar New Year,
,,,Tencent to trial paid subscription content in effort to monetise WeChat accounts,Tencentbacked China Reading plans IPO of up to US$ million in Hong Kong,Tencent launches WeChat goldgifting feature for Valentine’s Day,Tencent partners with Starbucks to launch WeChat ‘social gifting’ feature,SF Express boss Wang Wei’s net worth jumps US$.b in one day as shares continue to soar,Video streaming giant iQiyi raises US$.b in convertible notes issue,Baidu says ‘revenue impact’ from  medical advertising scandal is ‘largely behind’ it,Baidu’s Q sales dips as search engine struggles to regain traction,"Alibaba, Huawei join Google, Apple and Facebook among world’s most valuable technology brands","Experts call for better fintech regulation in China, Hong Kong",
,,,Chinese internet giant Tencent buys pc stake in Tesla for US$.b,Tencent leads US$m investment in China video streaming startup Kuaishou,Tencent seeking to boost WeChat Wallet use in Hong Kong,"Pony Ma: Creating a ‘Bay Area’ for tech firms in Guangdong, Hong Kong and Macau needs Beijing’s support","Tencent’s Tesla stake could help the US carmaker expand in China, analysts say","TCL’s new internet TV to leverage online video arms of Tencent, Alibaba",Tencent names Zhang Tong head of its artificial intelligence lab,Tencent’s . yuan bid for Xiamen cloud contract raises ire,"Internet giant Tencent to sharpen focus on advertising, new tech investments after record year",Tencent founder Pony Ma’s Shek O property quadruples in value,
,,,"Tencent’s  tech executive pay surpasses Apple, IBM","How China’s first lady, Tencent and Alibaba empower a home grown luxury fashion industry",Rarely seen share buying activity points to ‘undervaluation’ in these five companies,Tencent disables tipping function in iPhone version of WeChat,Tencent cofounder takes lead in HK$m Chinasoft fundraising,"Tencent, eBay and Microsoft invest US$. billion in India’s Flipkart","Wanda to tap into online gaming market, going head to head with Tencent and NetEase","Baidu, Alibaba, Tencent advance China’s AI development goals, says Microsoft research head",China’s bikesharing battle ratchets up a notch as Didi Chuxing enters the fray,WeChat is top workplace communications app for  per cent of Chinese professionals,
,,,Tencent expands music streaming business with Universal Music Group pact,Tencent shares could reach new high on upbeat firstquarter earnings,Tencent appoints global AI expert to head new Seattle lab,Tencent looks to crossborder payments expansion after leading US$m funding in Airwallex,Oracle set to expand cloud reach with Tencent alliance,Tencent invests further in Chinese online tutor Yuanfudao,"WeChat allows content sharing with banned Facebook, Twitter",Tencent’s China Reading takes first foray overseas with multilanguage website,Hong Kong benchmark index hits month high as Tencent retreats on technical correction,"WeChat boom pushes Tencent shares to record high, boosting Hang Seng index",
,,,Hong Kong stocks drop most in two weeks to trim monthly gain as Tencent declines,"Tencent’s WeChat drives China’s late adopters to social media, join  million total active users this year","Incentives needed to drive Greater Bay Area plan, Tencent chairman tells Hong Kong seminar",Creator of Tencent’s blockbuster game ‘Honor of Kings’ splashes out US$.m on Kowloon penthouse,"Four mainland Chinese firms join elite list of topperforming, rapidly growing large companies","Tencent outspent Baidu, Alibaba in tech mergers and acquisitions","Tech firms, backed by industry giants, line up for IPO frenzy over next  months",Online insurer Zhong An applies for US$.bn Hong Kong IPO,"The world spends US$ billion on video games, and the Chinese are the biggest players","Online insurer Zhong An could list in Hong Kong as early as July, reports say",
,,,Tencent banks on original music to become China’s Spotify,Tencent’s WeChat Pay targets Chinese outbound travellers to boost its overseas market,"Alibaba, Tencent included in Fortune Global  list for the first time",Second richest man in China is now Tencent’s Pony Ma Huateng – who beat Wanda Group’s Wang Jianlin,Hang Seng Index hits twoyear high as Geely Auto jumps on Volvo venture and Tencent climbs to record,Tencent cofounder brands LeEco a ‘Ponzi scheme’,Insider buying by directors eases to HK$ million for the week,"Hong Kong stocks up for th straight month, longest stretch of gains in a decade","Alibaba, Tencent see AI as solution to China’s acute shortage of doctors","How Tencent blurred the lines of gaming, social networking in Honour of Kings",
,,,Tencent shares reach alltime high on strong secondquarter outlook,"Tencent’s hit video game Honour of Kings spurs black market for virtual mercenaries, ghost players",HuayiTencent entertainment venture posts wider interim loss,Tencent joins the fray with Baidu in providing artificial intelligence applications for selfdriving cars,Chinese developers pile in for the Next Big Thing in tech: voiceactivated smart speakers,Hong Kong stocks edge lower despite Tencent postearnings rally,Tencent’s Q profit jumps  per cent as more gamers play on smartphones than computers,Hong Kong stocks close up Wednesday led by Tencent and Chinese banks,Foursquare pioneered the trend of ‘checkingin’ to a place — now it sells your data to companies,"China’s new cybersecurity law lacks detail, says Tencent VP",
,,,"How the NBA became China’s most popular sports league, with a boost from tech giants such as Weibo and Tencent",Tencent in deal to bring Chinese online comics to North American readers,"China fines Tencent, Baidu and Weibo over banned contents in ongoing crackdown","Maker of graphics cards to supply Alibaba, Baidu, Tencent with chips that run AI five times faster",CICC shares soar pc as Tencent spends US$m for a pc stake in the bank,Your money’s not wanted HERE: Chineseled bid for stake in highres map maker rejected by US,"What’s drawing Chinese internet giants to Indian, Southeast Asian tech scenes?",Buses and subways to become new battlefield for mobile payments,"Hang Seng blasts above ,, powered by gains in property stocks, Tencent","Alibaba, Tencent collaborate on music streaming, with potential to remake industry",
